{
  "assets": [
    0,
    0.000030000001,
    0.097530000001,
    0.195030000001,
    0.292530000001,
    0.390030000001,
    0.487530000001,
    0.585030000001,
    0.682530000001,
    0.780030000001,
    0.877530000001,
    0.975030000001,
    1.072530000001,
    1.170030000001,
    1.267530000001,
    1.365030000001,
    1.462530000001,
    1.560030000001,
    1.657530000001,
    1.755030000001,
    1.852530000001,
    1.950030000001,
    2.047530000001,
    2.145030000001,
    2.242530000001,
    2.340030000001,
    2.437530000001,
    2.535030000001,
    2.632530000001,
    2.730030000001,
    2.827530000001,
    2.925030000001
  ],
  "shares": [
    0,
    0.000030000001,
    0.092655000001,
    0.1806501745627208,
    0.2664458081513288,
    0.3508116611576272,
    0.4341230221161224,
    0.5166013207304095,
    0.5983923354349073,
    0.6795991542847412,
    0.7602984500368833,
    0.8405494316951584,
    0.9203991707910674,
    93.4602255912885,
    178.16838216818923,
    256.7861768755482,
    330.48606449706216,
    400.103479118397,
    466.25930358525943,
    529.4302582544068,
    589.9920259454137,
    648.2470350829124,
    704.443101587798,
    758.7863647414426,
    811.4505210351588,
    862.5835765199253,
    912.3128886257808,
    960.7489999708034,
    1007.9886007567169,
    1054.1168506706329,
    1099.209222104984,
    1143.3329802443086
  ]
}