{
  "assets": [
    0,
    0.000030000001,
    0.097530000001,
    0.195030000001,
    0.292530000001,
    0.390030000001,
    0.487530000001,
    0.585030000001,
    0.682530000001,
    0.780030000001,
    0.877530000001,
    0.975030000001,
    1.072530000001,
    1.170030000001,
    1.267530000001,
    1.365030000001,
    1.462530000001,
    1.560030000001,
    1.657530000001,
    1.755030000001,
    1.852530000001,
    1.950030000001
  ],
  "shares": [
    0,
    0.000030000001,
    0.092655000001,
    0.1806501745627208,
    0.2664458081513288,
    0.3508116611576272,
    0.4341230221161224,
    0.5166013207304095,
    0.5983923354349073,
    0.6795991542847412,
    0.7602984500368833,
    0.8405494316951584,
    1.0002489098869765,
    1.0928739098869764,
    1.1854989098869764,
    1.2781239098869766,
    1.3707489098869765,
    1.4633739098869765,
    1.5559989098869764,
    1.6486239098869764,
    1.7412489098869763,
    1.8338739098869765
  ]
}