{
  "assets": [
    0,
    0.000100000001,
    0.05126814035016941,
    0.10740297222336408,
    0.18462655920515916
  ],
  "shares": [
    0,
    0.000100000001,
    0.04870973333271094,
    0.09937661999793591,
    0.16725656740094716
  ]
}