{
  "assets": [
    0,
    0.000100000001,
    0.05057934167493702,
    0.09849235249925196,
    0.1856855638699319,
    0.24040438572428818,
    0.27412668215509045,
    0.3027317230994463,
    0.36319728968472875,
    0.40242352140963805,
    0.4318144595094916,
    0.4992465168121934
  ],
  "shares": [
    0,
    0.000100000001,
    0.04805537459124017,
    0.09130136646014271,
    0.16808718977611045,
    0.21514338607692224,
    0.2438132980988124,
    0.26798305368065584,
    0.3188319031492513,
    0.3515448273531419,
    0.37593609705992753,
    0.43170689557487346
  ]
}