{
  "assets": [
    0,
    0.000100000001,
    0.08322190264609734,
    0.08836558435655588,
    0.1003916236485421
  ],
  "shares": [
    0,
    0.000100000001,
    0.07906580751384247,
    0.08370827383996084,
    0.09453087007710746
  ]
}