{
  "assets": [
    0,
    0.000100000001,
    0.0211765278587346,
    0.059100827433010775,
    0.08783251385736673,
    0.1257051221422683,
    0.14453524263941916,
    0.2151740600241962,
    0.28060979474447617,
    0.3759544973077388,
    0.44028844950306545,
    0.52191785714513
  ],
  "shares": [
    0,
    0.000100000001,
    0.02012270146584787,
    0.05435788843979663,
    0.07946251352743998,
    0.11201287432427737,
    0.12795299745189873,
    0.1873608335131621,
    0.2414895194128064,
    0.31943943238875705,
    0.3713692836175076,
    0.4367784987326243
  ]
}