{
  "assets": [
    0,
    0.000100000001,
    0.097600000001,
    0.195100000001,
    0.292600000001,
    0.390100000001,
    0.487600000001
  ],
  "shares": [
    0,
    0.000100000001,
    0.092725000001,
    0.18072349513424413,
    0.26652315549674316,
    0.350893310239742,
    0.4342091083962988
  ]
}