{
  "assets": [
    0,
    0.000100000001,
    0.04074860313445613,
    0.11963520867454253,
    0.14932932479908997,
    0.2348076781100612,
    0.2918895352724277,
    0.3654802918756595,
    0.437224298949978,
    0.5334798039423345,
    0.5973834910920292,
    0.6407115014588138
  ],
  "shares": [
    0,
    0.000100000001,
    0.03871617297778332,
    0.10992053016421928,
    0.13583926572847266,
    0.2097078841449168,
    0.25813896529901237,
    0.31996649762225826,
    0.37963563771074127,
    0.4590340588489663,
    0.5112708450167219,
    0.5464990214951063
  ]
}