{
  "assets": [
    0,
    0.000100000001,
    0.02734429212812007,
    0.12120333965062229,
    0.19957413023683326,
    0.2871929124059561,
    0.37465792638632056,
    0.4399247050013783,
    0.5116833798897922,
    0.5809547735585601,
    0.6009298350849543,
    0.6491055286040837,
    0.6617924227908121,
    0.7528468453403727,
    0.8163385803772852,
    0.8987900698489324,
    0.9623753339641362,
    0.9693809569672753,
    0.9760006063343313,
    1.01081540963446,
    1.0304103626188688,
    1.0856612077393444
  ],
  "shares": [
    0,
    0.000100000001,
    0.025982077521764065,
    0.1107061722451273,
    0.17871026976671206,
    0.2532462698510836,
    0.3265164593208213,
    0.38055280064876634,
    0.4395232702989475,
    0.496050550930027,
    0.5122535475998337,
    0.551266856723151,
    0.561502744068296,
    0.6348957613383482,
    0.6857628161971514,
    0.7515627901661812,
    0.8020739207507825,
    0.8076206923123208,
    0.8128599715429976,
    0.8404056327283937,
    0.8558825667649905,
    0.8994805593808525
  ]
}