{
  "assets": [
    0,
    0.000030000001,
    0.097530000001,
    0.195030000001,
    0.292530000001,
    0.390030000001,
    0.487530000001,
    0.585030000001,
    0.682530000001,
    0.780030000001,
    0.877530000001,
    0.975030000001,
    1.072530000001,
    1.170030000001,
    1.267530000001,
    1.365030000001,
    1.462530000001,
    1.560030000001,
    1.657530000001,
    1.755030000001,
    1.852530000001,
    1.950030000001
  ],
  "shares": [
    0,
    0.000030000001,
    0.09057083629199351,
    0.17696643535831785,
    0.25952406537294176,
    0.33849721095235863,
    0.4141037529281878,
    0.4865369096771184,
    0.5559718935631655,
    0.6225700157639802,
    0.6864812657956105,
    0.7478459774930142,
    0.806795947649482,
    0.8634552268961438,
    0.9179407143319898,
    0.9703626343171431,
    1.0208249417902133,
    1.0694256831547606,
    1.1162573281996653,
    1.1614070816430153,
    1.2049571788724096,
    1.246985168166871
  ]
}