{
  "assets": [
    0,
    0.000030000001,
    0.097530000001,
    0.195030000001,
    0.292530000001,
    0.390030000001,
    0.487530000001,
    0.585030000001,
    0.682530000001,
    0.780030000001,
    0.877530000001,
    0.975030000001,
    1.072530000001,
    1.170030000001,
    1.267530000001,
    1.365030000001,
    1.462530000001,
    1.560030000001,
    1.657530000001,
    1.755030000001,
    1.852530000001,
    1.950030000001
  ],
  "shares": [
    0,
    0.000030000001,
    0.09265500000099999,
    0.185280000001,
    0.277905000001,
    0.370530000001,
    0.463155000001,
    0.555780000001,
    0.648405000001,
    0.7410300000009999,
    0.833655000001,
    0.926280000001,
    1.018905000001,
    1.111530000001,
    1.204155000001,
    1.296780000001,
    1.389405000001,
    1.482030000001,
    1.574655000001,
    1.667280000001,
    1.759905000001,
    1.8525300000009999
  ]
}