{
  "assets": [
    0,
    0.000030000001,
    0.097530000001,
    0.195030000001,
    0.292530000001,
    0.390030000001,
    0.487530000001,
    0.585030000001,
    0.682530000001,
    0.780030000001,
    0.877530000001,
    0.975030000001,
    1.072530000001,
    1.170030000001,
    1.267530000001,
    1.365030000001,
    1.462530000001,
    1.560030000001,
    1.657530000001,
    1.755030000001,
    1.852530000001,
    1.950030000001
  ],
  "shares": [
    0,
    0.000030000001,
    0.000030000001000021,
    0.000030000001000042,
    0.000030000001000063,
    0.000030000001000084,
    0.000030000001000105,
    0.000030000001000126,
    0.000030000001000147,
    0.000030000001000168,
    0.000030000001000189,
    0.00003000000100021,
    0.000030000001000231,
    0.000030000001000252,
    0.000030000001000273,
    0.000030000001000294,
    0.000030000001000315,
    0.000030000001000336,
    0.000030000001000357,
    0.000030000001000378,
    0.000030000001000399,
    0.00003000000100042
  ]
}