{
  "assets": [
    0,
    0.000030000001,
    0.097530000001,
    0.195030000001,
    0.292530000001,
    0.390030000001,
    0.487530000001,
    0.585030000001,
    0.682530000001,
    0.780030000001,
    0.877530000001,
    0.975030000001,
    1.072530000001,
    1.170030000001,
    1.267530000001,
    1.365030000001,
    1.462530000001,
    1.560030000001,
    1.657530000001,
    1.755030000001,
    1.852530000001,
    1.950030000001
  ],
  "shares": [
    0,
    0.000030000001,
    0.092655000001,
    0.185280000001,
    0.277905000001,
    0.370530000001,
    0.463155000001,
    0.555780000001,
    0.648405000001,
    0.741030000001,
    0.833655000001,
    0.926280000001,
    1.0189049999546875,
    1.1115299998620625,
    1.2041549997694374,
    1.2967799996768126,
    1.3894049995841875,
    1.4820299994915624,
    1.5746549993989376,
    1.6672799993063125,
    1.7599049992136875,
    1.8525299991210624
  ]
}