{
  "assets": [
    0,
    0.000030000001,
    0.097530000001,
    0.195030000001,
    0.292530000001,
    0.390030000001,
    0.487530000001,
    0.585030000001,
    0.682530000001,
    0.780030000001,
    0.877530000001,
    0.975030000001,
    1.072530000001,
    1.170030000001,
    1.267530000001,
    1.365030000001,
    1.462530000001,
    1.560030000001,
    1.657530000001,
    1.755030000001,
    1.852530000001,
    1.950030000001
  ],
  "shares": [
    0,
    0.000030000001,
    0.000030000281,
    0.000030000562,
    0.000030000842,
    0.000030001123,
    0.000030001404,
    0.000030001685,
    0.000030001966,
    0.000030002246,
    0.000030002527,
    0.000030002807,
    0.000030003088,
    0.000030003368,
    0.000030003649,
    0.000030003929,
    0.00003000421,
    0.000030004491,
    0.000030004772,
    0.000030005053,
    0.000030005333,
    0.000030005614
  ]
}