{
  "assets": [
    0,
    0.000030000001,
    0.097530000001,
    0.195030000001,
    0.292530000001,
    0.390030000001,
    0.487530000001,
    0.585030000001,
    0.682530000001,
    0.780030000001,
    0.877530000001,
    0.975030000001,
    1.072530000001,
    1.170030000001,
    1.267530000001,
    1.365030000001,
    1.462530000001,
    1.560030000001,
    1.657530000001,
    1.755030000001,
    1.852530000001,
    1.950030000001
  ],
  "shares": [
    0,
    0.000030000001,
    0.092655000001,
    0.185280000001,
    0.277905000001,
    0.370530000001,
    0.463155000001,
    0.555780000001,
    0.648405000001,
    0.741030000001,
    0.833655000001,
    0.926280000001,
    0.9850775000005,
    1.0313900000005,
    1.0777025000005,
    1.1240150000005,
    1.1703275000005,
    1.2166400000005,
    1.2629525000005,
    1.3092650000005,
    1.3555775000005,
    1.4018900000005
  ]
}